0
Adilabad
Agar Malwa
Agra
Ahmedabad
Ahmednagar
Aizawl
Ajmer
Akola
Alappuzha
Aligarh
Alipurduar
Alirajpur
Alluri Sitharama Raju
Almora
Alwar
Ambala
Ambedkar Nagar
Amethi
Amravati
Amreli
Amritsar
Amroha
Anakapalli
Anand
Ananthapuramu
Anantnag
Angul
Anjaw
Annamayya
Anuppur
Araria
Aravalli
Ariyalur
Arwal
Ashoknagar
Auraiya
Aurangabad
Ayodhya
Azamgarh
Bagalkote
Bageshwar
Baghpat
Bahraich
Bajali
Baksa
Balaghat
Balangir
Ballari
Ballia
Balod
Balotra
Balrampur
Banaskantha
Banda
Banka
Bankura
Banswara
Bapatla
Barabanki
Baramulla
Baran
Bareilly
Bargarh
Barmer
Barnala
Barpeta
Barwani
Bastar
Basti
Bathinda
Beawar
Beed
Begusarai
Belagavi
Bemetara
Bengaluru Rural
Bengaluru South
Bengaluru Urban
Betul
Bhadohi
Bhadradri Kothagudem
Bhadrak
Bhagalpur
Bhandara
Bharatpur
Bharuch
Bhavnagar
Bhilwara
Bhind
Bhiwani
Bhojpur
Bhopal
Bidar
Bijapur
Bijnor
Bikaner
Bilaspur
Birbhum
Bishnupur
Biswanath
Bokaro
Bongaigaon
Botad
Boudh
Budaun
Budgam
Bulandshahr
Buldhana
Bundi
Burhanpur
Buxar
Cachar
Central Delhi
Chamarajanagara
Chamba
Chamoli
Champawat
Champhai
Chandauli
Chandel
Chandigarh
Chandrapur
Changlang
Charaideo
Charkhi Dadri
Chatra
Chengalpattu
Chennai
Chhatarpur
Chhindwara
Chikkaballapura
Chikmagalur
Chirang
Chitradurga
Chitrakoot
Chittoor
Chittorgarh
Churachandpur
Churu
Coimbatore
Cooch Behar
Cuddalore
Cuttack
Dadra And Nagar Haveli
Dahod
Dakshin Bastar Dantewada
Dakshin Dinajpur
Dakshina Kannada
Daman
Damoh
Dang
Darbhanga
Darjeeling
Darrang
Datia
Dausa
Davanagere
Deeg
Dehradun
Deoghar
Deoria
Devbhumi Dwarka
Dewas
Dhalai
Dhamtari
Dhanbad
Dhar
Dharmapuri
Dharwad
Dhemaji
Dhenkanal
Dholpur
Dhubri
Dhule
Dibang Valley
Dibrugarh
Didwana Kuchaman
Dima Hasao
Dimapur
Dindigul
Dindori
Diu
Doda
Dr. B.R. Ambedkar Konaseema
Dumka
Dungarpur
Durg
East Champaran
East Delhi
East Garo Hills
East Godavari
East Jaintia Hills
East Kameng
East Siang
East Singhbhum
Eastern West Khasi Hills
Eluru
Ernakulam
Erode
Etah
Etawah
Faridabad
Faridkot
Farrukhabad
Fatehabad
Fatehgarh Sahib
Fatehpur
Fazilka
Firozabad
Firozpur
Gadag
Gadchiroli
Ganderbal
Gandhinagar
Garhwa
Gariyaband
Gaurela-Pendra-Marwahi
Gautam Buddha Nagar
Gaya
Ghaziabad
Ghazipur
Gir Somnath
Giridih
Goalpara
Godda
Golaghat
Gomati
Gonda
Gondia
Gopalganj
Gorakhpur
Gumla
Guna
Guntur
Gurdaspur
Gurugram
Gwalior
Hailakandi
Hamirpur
Hanumangarh
Hapur
Harda
Hardoi
Haridwar
Hassan
Hathras
Haveri
Hazaribagh
Hingoli
Hisar
Hnahthial
Hojai
Hooghly
Hoshiarpur
Howrah
Hyderabad
Idukki
Imphal East
Imphal West
Indore
Jabalpur
Jagatsinghpur
Jagitial
Jaintia Hills
Jaipur
Jaisalmer
Jajpur
Jalandhar
Jalaun
Jalgaon
Jalna
Jalore
Jalpaiguri
Jammu
Jamnagar
Jamtara
Jamui
Jangaon
Janjgir-Champa
Jashpur
Jaunpur
Jayashankar Bhupalapally
Jehanabad
Jhabua
Jhajjar
Jhalawar
Jhansi
Jhargram
Jharsuguda
Jhunjhunu
Jind
Jiribam
Jodhpur
Jogulamba Gadwal
Jorhat
Junagadh
Kabeerdham
Kaithal
Kakching
Kakinada
Kalaburagi
Kalahandi
Kalimpong
Kallakurichi
Kamareddy
Kamle
Kamrup
Kancheepuram
Kandhamal
Kangpokpi
Kangra
Kannauj
Kannur
Kanpur Dehat
Kanpur Nagar
Kanyakumari
Kapurthala
Karaikal
Karauli
Karbi Anglong
Kargil
Karimganj
Karimnagar
Karnal
Karur
Kasaragod
Kasganj
Kathua
Katihar
Katni
Kaushambi
Kendrapara
Kendujhar
Khagaria
Khairthal–Tijara
Khammam
Khandwa
Khargone
Khawzawl
Kheda
Kheri
Khordha
Khowai
Khunti
Kinnaur
Kiphire
Kishanganj
Kishtwar
Kodagu
Koderma
Kohima
Kokrajhar
Kolar
Kolasib
Kolhapur
Kolkata
Kollam
Kondagaon
Koppal
Koraput
Korba
Kota
Kotputli-Behror
Kottayam
Kozhikode
Kra Daadi
Krishna
Krishnagiri
Kulgam
Kullu
Kupwara
Kurnool
Kurukshetra
Kurung Kumey
Kushinagar
Lahaul And Spiti
Lakhimpur
Lakshadweep
Lakshisarai
Lalitpur
Latehar
Latur
Lawngtlai
Leparada
Lohardaga
Lohit
Longding
Longleng
Lower Subansiri
Lucknow
Ludhiana
Lunglei
Madhepura
Madhubani
Madurai
Mahabubabad
Mahabubnagar
Maharajganj
Mahasamund
Mahendragarh
Mahisagar
Mahoba
Maihar
Mainpuri
Majuli
Malappuram
Malda
Malerkotla
Malkangiri
Mamit
Mandi
Mandla
Mandsaur
Mandya
Manendragarh-Chirmiri-Bharatpur
Mangan
Mansa
Mathura
Mau
Mauganj
Mayiladuthurai
Mayurbhanj
Medak
Medchal–Malkajgiri
Meerut
Mirzapur
Moga
Mohla-Manpur-Ambagarh Chouki
Mokokchung
Mon
Moradabad
Morbi
Morena
Mulugu
Mumbai City
Mumbai Suburban
Mungeli
Munger
Murshidabad
Muzaffarnagar
Muzaffarpur
Mysuru
Nabarangpur
Nadia
Nagaon
Nagapattinam
Nagarkurnool
Nagaur
Nagpur
Nainital
Nalanda
Nalbari
Nalgonda
Namakkal
Namchi
Namsai
Nanded
Nandurbar
Nandyal
Narayanpet
Narayanpur
Narmada
Narmadapuram
Narsinghpur
Nashik
Navsari
Nawada
Nayagarh
Neemuch
New Delhi
Nicobar
Nirmal
Niuland
Niwari
Nizamabad
Noklak
North And Middle Andaman
North Delhi
North East Delhi
North Garo Hills
North Goa
North Tripura
North West Delhi
Nuapada
Nuh
Osmanabad
Pakke Kessang
Pakur
Palakkad
Palamu
Palghar
Pali
Palnadu
Palwal
Panchkula
Panchmahal
Pandhurna
Panipat
Panna
Papum Pare
Parbhani
Parvathipuram Manyam
Paschim Bardhaman
Paschim Medinipur
Patan
Pathanamthitta
Pathankot
Patiala
Patna
Pauri Garhwal
Peddapalli
Perambalur
Peren
Phalodi
Phek
Pherzawl
Pilibhit
Pithoragarh
Poonch
Porbandar
Prakasam
Pratapgarh
Prayagraj
Puducherry
Pudukottai
Pulwama
Pune
Purba Bardhaman
Purba Medinipur
Puri
Purnia
Purulia
Raebareli
Raichur
Raigad
Raigarh
Raipur
Raisen
Rajanna Sircilla
Rajgarh
Rajkot
Rajnandgaon
Rajouri
Rajsamand
Ramanagara
Ramanathapuram
Ramban
Ramgarh
Rampur
Ranchi
Ranga Reddy
Ranipet
Ratlam
Ratnagiri
Rayagada
Reasi
Rewa
Rewari
Ri Bhoi
Rohtak
Rohtas
Rudraprayag
Rupnagar
Sabarkantha
Sagar
Saharanpur
Saharsa
Sahibganj
Saiha
Saitual
Sakti
Salem
Salumbar
Samastipur
Samba
Sambalpur
Sambhal
Sangareddy
Sangli
Sangrur
Sant Kabir Nagar
Saraikela-Kharsawan
Saran
Sarangarh-Bilaigarh
Satara
Satna
Sawai Madhopur
Sehore
Senapati
Seoni
Sepahijala
Serchhip
Shahdara
Shahdol
Shahid Bhagat Singh Nagar
Shahjahanpur
Shajapur
Shamator
Shamli
Sheikhpura
Sheohar
Sheopur
Shimla
Shivamogga
Shivpuri
Shopian
Shravasti
Siang
Siddharthnagar
Siddipet
Sidhi
Sikar
Simdega
Sindhudurg
Singrauli
Sirmaur
Sirohi
Sirsa
Sitamarhi
Sitapur
Sivaganga
Sivasagar
Siwan
Solan
Solapur
Sonbhadra
Sonipat
Sonitpur
South Andaman
South Delhi
South East Delhi
South Garo Hills
South Goa
South Tripura
South West Delhi
South West Garo Hills
South West Khasi Hills
Sri Sathya Sai
Srikakulam
Srinagar
Subarnapur
Sukma
Sultanpur
Sundargarh
Supaul
Surajpur
Surat
Surendranagar
Surguja
Suryapet
Tamenglong
Tapi
Tarn Taran
Tawang
Tehri Garhwal
Tenkasi
Thane
Thanjavur
The Nilgiris
Theni
Thiruvallur
Thiruvananthapuram
Thiruvarur
Thoothukudi
Thoubal
Thrissur
Tikamgarh
Tinsukia
Tirap
Tiruchirappalli
Tirunelveli
Tirupathur
Tirupati
Tiruppur
Tiruvannamalai
Tonk
Tuensang
Tumakuru
Udaipur
Udalguri
Udham Singh Nagar
Udhampur
Udupi
Ujjain
Ukhrul
Umaria
Una
Unakoti
Unnao
Upper Siang
Upper Subansiri
Uttar Bastar Kanker
Uttar Dinajpur
Uttara Kannada
Uttarkashi
Vadodara
Vaishali
Valsad
Varanasi
Vellore
Vidisha
Vijayanagara
Vikarabad
Viluppuram
Virudhunagar
Visakhapatnam
Vizianagaram
Wanaparthy
Warangal Rural
Warangal Urban
Wardha
Washim
Wayanad
West Champaran
West Delhi
West Garo Hills
West Godavari
West Jaintia Hills
West Kameng
West Karbi Anglong
West Khasi Hills
West Siang
West Singhbhum
West Tripura
Wokha
Yadgiri
Yamunanagar
Yanam
Yavatmal
Zunheboto
